<?xml version='1.0' encoding='UTF-8'?>
<org.jenkinsci.plugins.periodicbackup.PeriodicBackupLink plugin="periodicbackup@1.3">
  <fileManagerPlugin class="org.jenkinsci.plugins.periodicbackup.ConfigOnly">
    <restorePolicy class="org.jenkinsci.plugins.periodicbackup.OverwriteRestorePolicy"/>
  </fileManagerPlugin>
  <locationPlugins>
    <org.jenkinsci.plugins.periodicbackup.LocalDirectory>
      <enabled>true</enabled>
      <path>D:\DevProjects\ermeX\CI_Backup\Configurations</path>
    </org.jenkinsci.plugins.periodicbackup.LocalDirectory>
  </locationPlugins>
  <storagePlugins>
    <org.jenkinsci.plugins.periodicbackup.ZipStorage>
      <multiVolume>false</multiVolume>
      <volumeSize>5242880</volumeSize>
    </org.jenkinsci.plugins.periodicbackup.ZipStorage>
  </storagePlugins>
  <backupNow>false</backupNow>
  <tempDirectory>D:\JENKINS_TEMPBACKUP_DONT_DELETE</tempDirectory>
  <cron>0 */6 * * *</cron>
  <cycleQuantity>50</cycleQuantity>
  <cycleDays>120</cycleDays>
</org.jenkinsci.plugins.periodicbackup.PeriodicBackupLink>